Rk,Tm,W,L,W-L%,R,RA,Rdiff,SOS,SRS,pythWL,Luck,vEast,vCent,vWest,Inter,Home,Road,ExInn,1Run,vRHP,vLHP,?.500,<.500,Year,Playoffs
13,Arizona Diamondbacks,85,77,0.525,5,4.6,0.4,0.2,0.6,88-74,-3,17-17,16-16,38-38,14-6,44-37,41-40,9-Sep,24-26,60-58,25-19,35-40,50-37,2019,0
16,Arizona Diamondbacks,82,80,0.506,4.3,4,0.3,0.2,0.5,86-76,-4,17-17,16-16,39-37,10-Oct,40-41,42-39,9-May,20-31,54-50,28-30,42-48,40-32,2018,0
6,Arizona Diamondbacks,93,69,0.574,5,4.1,0.9,-0.2,0.8,96-66,-3,19-14,17-16,45-31,8-Dec,52-29,41-40,3-Sep,29-23,68-52,25-17,39-35,54-34,2017,1
24,Arizona Diamondbacks,69,93,0.426,4.6,5.5,-0.9,0,-0.9,69-93,0,18-15,13-20,33-43,15-May,33-48,36-45,8-Aug,22-17,46-71,23-22,30-52,39-41,2016,0
18,Arizona Diamondbacks,79,83,0.488,4.4,4.4,0,-0.3,-0.2,82-80,-3,15-18,14-19,39-37,9-Nov,39-42,40-41,9-Sep,20-24,60-61,19-22,32-53,47-30,2015,0
30,Arizona Diamondbacks,64,98,0.395,3.8,4.6,-0.8,-0.1,-0.9,67-95,-3,21-Nov,15-19,31-45,13-Jul,33-48,31-50,6-Oct,23-30,49-73,15-25,21-54,43-44,2014,0
16,Arizona Diamondbacks,81,81,0.5,4.2,4.3,-0.1,-0.1,-0.2,80-82,1,14-18,20-14,36-40,9-Nov,45-36,36-45,17-8,34-21,56-58,25-23,34-34,47-47,2013,0
16,Arizona Diamondbacks,81,81,0.5,4.5,4.2,0.3,-0.2,0.1,86-76,-5,14-20,20-21,38-34,6-Sep,41-40,40-41,4-Mar,15-27,49-50,32-31,38-45,43-36,2012,0
5,Atlanta Braves,97,65,0.599,5.3,4.6,0.7,0.1,0.8,91-71,6,46-30,20-13,18-15,13-7,50-31,47-34,6-Nov,28-16,74-51,23-14,52-43,45-22,2019,1
10,Atlanta Braves,90,72,0.556,4.7,4.1,0.6,0,0.6,92-70,-2,49-27,18-14,15-19,12-Aug,43-38,47-34,8-Jun,23-12,69-46,21-26,38-40,52-32,2018,1
23,Atlanta Braves,72,90,0.444,4.5,5.1,-0.5,-0.2,-0.7,73-89,-1,33-43,21-Nov,19-15,11-Sep,37-44,35-46,8-Jun,19-24,57-75,15-15,25-37,47-53,2017,0
26,Atlanta Braves,68,93,0.422,4,4.8,-0.8,-0.1,-0.9,67-94,1,36-39,13-20,22-Nov,12-Aug,31-50,37-43,11-Nov,21-22,52-62,16-31,27-49,41-44,2016,0
28,Atlanta Braves,67,95,0.414,3.5,4.7,-1.2,-0.2,-1.4,61-101,6,34-42,15-18,21-Dec,14-Jun,42-39,25-56,9-Apr,28-18,54-72,13-23,29-53,38-42,2015,0
17,Atlanta Braves,79,83,0.488,3.5,3.7,-0.1,-0.1,-0.2,78-84,1,40-36,20-13,21-Dec,13-Jul,42-39,37-44,10-Jul,25-28,60-68,19-15,28-34,51-49,2014,0
3,Atlanta Braves,96,66,0.593,4.2,3.4,0.9,-0.3,0.6,98-64,-2,47-29,19-14,19-14,9-Nov,56-25,40-41,5-Dec,27-20,71-50,25-16,39-24,57-42,2013,1
6,Atlanta Braves,94,68,0.58,4.3,3.7,0.6,-0.1,0.5,92-70,2,46-26,19-19,21-13,10-Aug,48-33,46-35,4-Jul,25-13,64-37,30-31,45-41,49-27,2012,1
29,Baltimore Orioles,54,108,0.333,4.5,6.1,-1.6,0,-1.5,60-102,-6,24-52,20-Dec,23-Nov,13-Jul,25-56,29-52,8-Feb,22-Nov,33-67,21-41,26-67,28-41,2019,0
30,Baltimore Orioles,47,115,0.29,3.8,5.5,-1.7,0.1,-1.5,55-107,-8,23-53,23-Oct,26-Jul,13-Jul,28-53,19-62,9-Apr,29-Dec,26-82,21-33,26-67,21-48,2018,0
21,Baltimore Orioles,75,87,0.463,4.6,5.2,-0.6,0.3,-0.3,72-90,3,37-39,13-21,17-15,12-Aug,46-35,29-52,4-Dec,21-20,49-63,26-24,25-46,50-41,2017,0
7,Baltimore Orioles,89,73,0.549,4.6,4.4,0.2,0.3,0.4,84-78,5,40-36,23-9,22-Dec,14-6,50-31,39-42,2-Jun,21-16,66-50,23-23,53-54,36-19,2016,1
16,Baltimore Orioles,81,81,0.5,4.4,4.3,0.1,0.4,0.5,83-79,-2,39-37,15-18,15-18,8-Dec,47-31,34-50,5-Jun,25-26,59-58,22-23,37-51,44-30,2015,0
3,Baltimore Orioles,96,66,0.593,4.4,3.7,0.7,0.1,0.8,94-68,2,47-29,16-17,21-12,8-Dec,50-31,46-35,14-6,32-23,74-47,22-19,51-40,45-26,2014,1
14,Baltimore Orioles,85,77,0.525,4.6,4.4,0.2,0.2,0.4,85-77,0,36-40,17-16,21-12,9-Nov,46-35,39-42,7-Aug,20-31,58-51,27-26,51-50,34-27,2013,0
7,Baltimore Orioles,93,69,0.574,4.4,4.4,0,0.3,0.3,82-80,11,43-29,23-15,16-18,7-Nov,47-34,46-35,16-2,29-9,67-51,26-18,44-43,49-26,2012,1
14,Boston Red Sox,84,78,0.519,5.6,5.1,0.5,-0.2,0.2,87-75,-3,35-41,21-11,18-16,10-Oct,38-43,46-35,8-Sep,23-22,60-48,24-30,28-45,56-33,2019,0
1,Boston Red Sox,108,54,0.667,5.4,4,1.4,-0.2,1.2,103-59,5,52-24,19-14,21-12,16-4,57-24,51-30,5-Aug,25-14,87-38,21-16,41-33,67-21,2018,1
5,Boston Red Sox,93,69,0.574,4.8,4.1,0.7,0.1,0.8,93-69,0,41-35,20-14,16-16,16-4,48-33,45-36,15-3,22-19,75-50,18-19,27-23,66-46,2017,1
5,Boston Red Sox,93,69,0.574,5.4,4.3,1.1,0.1,1.3,98-64,-5,43-33,15-18,21-12,14-6,47-34,46-35,4-Jul,20-24,73-52,20-17,55-48,38-21,2016,1
19,Boston Red Sox,78,84,0.481,4.6,4.6,0,0.4,0.3,81-81,-3,35-41,15-18,15-18,13-7,43-38,35-46,7-Jul,20-19,57-59,21-25,44-59,34-25,2015,0
25,Boston Red Sox,71,91,0.438,3.9,4.4,-0.5,0.2,-0.3,72-90,-1,31-45,17-16,14-19,11-Sep,34-47,37-44,11-Oct,28-28,49-64,22-27,38-68,33-23,2014,0
1,Boston Red Sox,97,65,0.599,5.3,4,1.2,0.1,1.3,100-62,-3,44-32,19-15,20-12,14-6,53-28,44-37,6-Oct,21-21,65-43,32-22,53-43,44-22,2013,1
25,Boston Red Sox,69,93,0.426,4.5,5,-0.4,0.3,-0.2,74-88,-5,26-46,24-16,24-Aug,7-Nov,34-47,35-46,10-Feb,17-22,43-68,26-25,37-67,32-26,2012,0
15,Chicago Cubs,84,78,0.519,5,4.4,0.6,0.2,0.8,90-72,-6,17-17,37-39,18-14,8-Dec,51-30,33-48,9-Apr,19-27,70-60,14-18,39-45,45-33,2019,0
6,Chicago Cubs,95,68,0.583,4.7,4,0.7,0,0.7,94-69,1,22-11,41-36,19-14,13-7,51-31,44-37,8-Nov,26-25,73-55,22-13,49-46,46-22,2018,1
7,Chicago Cubs,92,70,0.568,5.1,4.3,0.8,-0.2,0.6,93-69,-1,21-13,46-30,13-19,8-Dec,48-33,44-37,3-Jul,26-17,71-56,21-14,35-35,57-35,2017,1
1,Chicago Cubs,103,58,0.64,5,3.4,1.6,-0.2,1.3,107-54,-4,19-14,50-25,19-14,15-5,57-24,46-34,4-Sep,22-23,75-41,28-17,31-25,72-33,2016,1
3,Chicago Cubs,97,65,0.599,4.3,3.8,0.5,-0.3,0.2,90-72,7,22-12,46-30,19-13,10-Oct,49-32,48-33,13-5,34-21,77-51,20-14,44-32,53-33,2015,1
24,Chicago Cubs,73,89,0.451,3.8,4.4,-0.6,-0.1,-0.7,71-91,2,16-16,33-43,15-19,11-Sep,41-40,32-49,10-Aug,19-21,57-71,16-18,37-50,36-39,2014,0
27,Chicago Cubs,66,96,0.407,3.7,4.3,-0.5,0,-0.5,71-91,-5,14-18,25-51,14-20,13-7,31-50,35-46,6-Jul,20-33,44-74,22-22,30-60,36-36,2013,0
29,Chicago Cubs,61,101,0.377,3.8,4.7,-0.9,-0.1,-1,65-97,-4,13-19,31-50,22-Dec,10-May,38-43,23-58,6-Apr,15-27,43-75,18-26,32-69,29-32,2012,0
20,Chicago White Sox,72,89,0.447,4.4,5.2,-0.8,-0.3,-1,69-92,3,15-18,38-37,13-20,14-Jun,39-41,33-48,4-Apr,14-18,44-62,28-27,35-53,37-36,2019,0
28,Chicago White Sox,62,100,0.383,4,5.2,-1.2,-0.2,-1.4,62-100,0,16-16,30-46,24-Oct,14-Jun,30-51,32-49,5-May,15-25,47-75,15-25,24-51,38-49,2018,0
27,Chicago White Sox,67,95,0.414,4.4,5.1,-0.7,0.2,-0.5,70-92,-3,13-20,33-43,15-18,14-Jun,39-42,28-53,5-May,21-23,47-69,20-26,23-49,44-46,2017,0
19,Chicago White Sox,78,84,0.481,4.2,4.4,-0.2,0.1,-0.1,78-84,0,19-14,32-44,18-15,11-Sep,45-36,33-48,7-Aug,23-29,58-66,20-18,51-61,27-23,2016,0
20,Chicago White Sox,76,86,0.469,3.8,4.3,-0.5,0.3,-0.2,72-90,4,14-19,32-44,21-12,11-Sep,40-41,36-45,13-5,29-30,58-68,18-18,49-61,27-25,2015,0
22,Chicago White Sox,73,89,0.451,4.1,4.7,-0.6,0.1,-0.5,71-91,2,16-18,33-43,13-19,9-Nov,40-41,33-48,8-Jun,28-24,51-66,22-23,45-59,28-30,2014,0
28,Chicago White Sox,63,99,0.389,3.7,4.5,-0.8,0.1,-0.6,67-95,-4,14-19,26-50,15-18,12-Aug,37-44,26-55,15-Aug,24-36,50-74,13-25,36-66,27-33,2013,0
14,Chicago White Sox,85,77,0.525,4.6,4.2,0.4,0,0.4,88-74,-3,19-21,37-35,20-12,9-Sep,45-36,40-41,9-May,26-21,62-53,23-24,33-39,52-38,2012,0
19,Cincinnati Reds,75,87,0.463,4.3,4.4,-0.1,0.2,0.2,80-82,-5,17-17,33-43,16-16,11-Sep,41-40,34-47,8-Jul,24-33,58-64,17-23,46-60,29-27,2019,0
23,Cincinnati Reds,67,95,0.414,4.3,5.1,-0.8,0.2,-0.6,69-93,-2,13-21,26-50,18-14,10-Oct,37-44,30-51,12-Jul,29-Oct,45-69,22-26,44-71,23-24,2018,0
26,Cincinnati Reds,68,94,0.42,4.6,5.4,-0.7,0,-0.7,70-92,-2,13-20,37-39,13-20,15-May,39-42,29-52,7-Mar,13-22,59-65,29-Sep,34-60,34-34,2017,0
29,Cincinnati Reds,68,94,0.42,4.4,5.3,-0.9,0,-0.8,68-94,0,14-19,33-43,16-17,15-May,38-43,30-51,10-Mar,22-27,54-74,14-20,24-54,44-40,2016,0
29,Cincinnati Reds,64,98,0.395,4,4.7,-0.7,-0.1,-0.8,69-93,-5,16-17,33-43,25-Aug,13-Jul,34-47,30-51,12-May,18-29,49-71,15-27,35-62,29-36,2015,0
21,Cincinnati Reds,76,86,0.469,3.7,3.8,-0.1,-0.1,-0.3,79-83,-3,14-18,40-36,16-18,14-Jun,44-37,32-49,9-Apr,22-38,59-69,17-17,45-45,31-41,2014,0
11,Cincinnati Reds,90,72,0.556,4.3,3.6,0.7,-0.1,0.6,93-69,-3,20-13,40-36,19-14,9-Nov,49-31,41-41,13-9,27-22,63-47,27-25,35-42,55-30,2013,1
2,Cincinnati Reds,97,65,0.599,4.1,3.6,0.5,-0.3,0.2,91-71,6,19-15,49-30,22-12,8-Jul,50-31,47-34,7-Jul,31-21,65-47,32-18,40-36,57-29,2012,1
9,Cleveland Indians,93,69,0.574,4.7,4.1,0.7,-0.4,0.2,93-69,0,18-16,48-28,19-13,12-Aug,49-32,44-37,7-Jun,15-16,60-47,33-22,25-39,68-30,2019,0
8,Cleveland Indians,91,71,0.562,5,4,1,-0.4,0.6,98-64,-7,16-18,49-27,14-18,8-Dec,49-32,42-39,9-Apr,22-24,69-50,22-21,23-31,68-40,2018,1
2,Cleveland Indians,102,60,0.63,5,3.5,1.6,-0.1,1.5,108-54,-6,22-12,50-26,24-8,14-Jun,49-32,53-28,2-Apr,20-15,66-36,36-24,27-22,75-38,2017,1
4,Cleveland Indians,94,67,0.584,4.8,4.2,0.6,0,0.6,91-70,3,14-18,49-26,18-16,13-7,53-28,41-39,6-Jun,28-21,63-47,31-20,48-43,46-24,2016,1
15,Cleveland Indians,81,80,0.503,4.2,4,0.2,0.2,0.4,84-77,-3,18-15,32-43,19-14,8-Dec,39-41,42-39,4-May,15-18,57-49,24-31,41-46,40-34,2015,0
12,Cleveland Indians,85,77,0.525,4.1,4,0.1,0.1,0.1,83-79,2,19-14,39-37,17-16,10-Oct,48-33,37-44,13-8,25-21,60-52,25-25,36-47,49-30,2014,0
8,Cleveland Indians,92,70,0.568,4.6,4.1,0.5,0,0.5,90-72,2,21-Dec,44-32,25-8,9-Nov,51-30,41-40,2-Oct,30-17,56-50,36-20,36-52,56-18,2013,1
26,Cleveland Indians,68,94,0.42,4.1,5.2,-1.1,0.2,-0.9,64-98,4,14-22,31-41,15-21,10-Aug,37-44,31-50,8-May,24-12,50-59,18-35,42-53,26-41,2012,0
22,Colorado Rockies,71,91,0.438,5.2,5.9,-0.8,0.3,-0.4,71-91,0,16-17,15-18,32-44,12-Aug,43-38,28-53,6-Oct,22-21,46-55,25-36,38-60,33-31,2019,0
9,Colorado Rockies,91,72,0.558,4.8,4.6,0.2,0.2,0.4,85-78,6,23-11,14-18,41-36,13-7,47-34,44-38,6-May,26-15,58-45,33-27,48-44,43-28,2018,1
9,Colorado Rockies,87,75,0.537,5.1,4.7,0.4,-0.1,0.3,87-75,0,17-16,18-15,42-34,10-Oct,46-35,41-40,3-Feb,21-14,59-55,28-20,37-35,50-40,2017,1
20,Colorado Rockies,75,87,0.463,5.2,5.3,-0.1,-0.1,-0.2,80-82,-5,20-14,21-Nov,35-41,11-Sep,42-39,33-48,6-Mar,20-Dec,56-58,19-29,40-40,35-47,2016,0
27,Colorado Rockies,68,94,0.42,4.5,5.2,-0.7,-0.2,-0.9,71-91,-3,16-18,15-17,32-44,15-May,36-45,32-49,5-Mar,20-24,57-62,Nov-32,29-53,39-41,2015,0
29,Colorado Rockies,66,96,0.407,4.7,5,-0.4,-0.2,-0.6,75-87,-9,13-20,23-Oct,36-40,13-Jul,45-36,21-60,7-Jul,20-24,43-73,23-23,22-51,44-45,2014,0
22,Colorado Rockies,74,88,0.457,4.4,4.7,-0.3,-0.1,-0.5,76-86,-2,13-22,18-13,38-38,15-May,45-36,29-52,9-Jun,25-26,54-55,20-33,36-48,38-40,2013,0
28,Colorado Rockies,64,98,0.395,4.7,5.5,-0.8,-0.1,-0.9,69-93,-5,15-22,19-19,28-44,13-Feb,35-46,29-52,2-May,18-23,49-63,15-35,37-71,27-27,2012,0
30,Detroit Tigers,47,114,0.292,3.6,5.7,-2.1,-0.2,-2.2,49-112,-2,14-19,22-53,27-Jun,15-May,22-59,25-55,10-Jun,14-22,34-90,13-24,19-65,28-49,2019,0
26,Detroit Tigers,64,98,0.395,3.9,4.9,-1,-0.2,-1.2,64-98,0,15-17,33-43,24-Oct,14-Jun,38-43,26-55,5-May,22-30,45-74,19-24,21-53,43-45,2018,0
30,Detroit Tigers,64,98,0.395,4.5,5.5,-1,0.2,-0.8,67-95,-3,16-17,31-45,24-Sep,12-Aug,34-47,30-51,4-Jan,17-23,43-76,21-22,28-40,36-58,2017,0
11,Detroit Tigers,86,75,0.534,4.7,4.5,0.2,0,0.2,83-78,3,19-15,38-37,16-16,13-7,45-35,41-40,4-May,26-17,62-53,24-22,37-52,49-23,2016,0
22,Detroit Tigers,74,87,0.46,4.3,5,-0.7,0.3,-0.4,69-92,5,20-Dec,41-34,22-Dec,11-Sep,38-43,36-44,8-Sep,26-22,53-70,21-17,51-59,23-28,2015,0
6,Detroit Tigers,90,72,0.556,4.7,4.4,0.3,0,0.4,86-76,4,17-15,43-33,18-16,8-Dec,45-36,45-36,6-Jun,23-20,62-50,28-22,49-39,41-33,2014,1
6,Detroit Tigers,93,69,0.574,4.9,3.9,1.1,0,1,99-63,-6,17-15,47-29,17-17,8-Dec,51-30,42-39,13-Jun,20-26,66-46,27-23,48-40,45-29,2013,1
11,Detroit Tigers,88,74,0.543,4.5,4.1,0.3,0,0.4,87-75,1,21-18,43-29,13-20,7-Nov,50-31,38-43,5-Apr,21-27,62-49,26-25,40-34,48-40,2012,1
1,Houston Astros,107,55,0.66,5.7,4,1.7,-0.3,1.4,107-55,0,19-13,21-13,56-20,9-Nov,60-21,47-34,4-Oct,24-19,69-44,38-11,35-28,72-27,2019,1
2,Houston Astros,103,59,0.636,4.9,3.3,1.6,-0.1,1.5,109-53,-6,19-15,25-7,46-30,13-7,46-35,57-24,6-May,24-24,66-36,37-23,41-38,62-21,2018,1
3,Houston Astros,101,61,0.623,5.5,4.3,1.2,0,1.2,99-63,2,21-13,15-17,50-26,15-5,48-33,53-28,4-Apr,19-13,80-37,21-24,18-15,83-46,2017,1
14,Houston Astros,84,78,0.519,4.5,4.3,0.1,0.1,0.3,83-79,1,15-18,17-16,41-35,9-Nov,43-38,41-40,8-Oct,28-25,57-52,27-26,39-53,45-25,2016,0
10,Houston Astros,86,76,0.531,4.5,3.8,0.7,0.2,0.9,93-69,-7,18-16,14-18,38-38,16-4,53-28,33-48,6-Aug,21-29,56-45,30-31,42-43,44-33,2015,1
26,Houston Astros,70,92,0.432,3.9,4.5,-0.6,0.3,-0.3,71-91,-1,16-18,14-18,35-41,15-May,38-43,32-49,5-Jun,17-28,49-66,21-26,43-58,27-34,2014,0
30,Houston Astros,51,111,0.315,3.8,5.2,-1.5,0.2,-1.2,57-105,-6,24-Sep,24-Sep,25-51,12-Aug,24-57,27-54,8-Apr,18-36,38-78,13-33,18-76,33-35,2013,0
30,Houston Astros,55,107,0.34,3.6,4.9,-1.3,-0.1,-1.4,59-103,-4,20-Dec,29-50,28-Aug,9-Jun,35-46,20-61,11-Jan,17-27,40-80,15-27,29-68,26-39,2012,0
27,Kansas City Royals,59,103,0.364,4.3,5.4,-1.1,-0.2,-1.3,64-98,-5,23-Oct,31-45,24-Sep,11-Sep,31-50,28-53,9-Apr,15-25,43-76,16-27,28-60,31-43,2019,0
29,Kansas City Royals,58,104,0.358,3.9,5.1,-1.2,-0.2,-1.4,62-100,-4,24-Sep,36-40,26-Jul,14-Jun,32-49,26-55,8-May,19-30,39-74,19-30,18-56,40-48,2018,0
14,Kansas City Royals,80,82,0.494,4.3,4.9,-0.5,0.2,-0.4,72-90,8,17-15,35-41,19-15,11-Sep,43-38,37-44,7-Apr,25-16,62-59,18-23,29-42,51-40,2017,0
16,Kansas City Royals,81,81,0.5,4.2,4.4,-0.2,0.1,-0.2,77-85,4,15-17,46-30,24-Oct,10-Oct,47-34,34-47,3-Jul,23-25,60-59,21-22,40-55,41-26,2016,0
4,Kansas City Royals,95,67,0.586,4.5,4,0.5,0.2,0.7,90-72,5,18-16,44-32,20-12,13-7,51-30,44-37,6-Oct,23-17,64-40,31-27,47-43,48-24,2015,1
7,Kansas City Royals,89,73,0.549,4,3.9,0.2,0.1,0.2,84-78,5,17-17,39-37,18-14,15-5,42-39,47-34,7-May,22-25,65-52,24-21,44-45,45-28,2014,1
13,Kansas City Royals,86,76,0.531,4,3.7,0.3,0.1,0.4,87-75,-1,19-15,44-32,14-18,11-Sep,44-37,42-39,4-Nov,31-25,62-52,24-24,44-45,42-31,2013,0
23,Kansas City Royals,72,90,0.444,4.2,4.6,-0.4,0.1,-0.3,74-88,-2,16-21,34-38,14-21,10-Aug,37-44,35-46,7-Aug,27-26,48-62,24-28,47-50,25-40,2012,0
21,Los Angeles Angels,72,90,0.444,4.7,5.4,-0.6,0,-0.6,72-90,0,17-18,13-18,30-46,8-Dec,38-43,34-47,7-Mar,18-22,49-60,23-30,29-55,43-35,2019,0
18,Los Angeles Angels,80,82,0.494,4.5,4.5,0,0.1,0.1,81-81,-1,21-Nov,22-12,37-39,10-Oct,42-39,38-43,7-May,26-15,58-53,22-29,35-61,45-21,2018,0
13,Los Angeles Angels,80,82,0.494,4.4,4.4,0,0.1,0.1,81-81,-1,19-13,23-Nov,39-37,9-Nov,43-38,37-44,7-Aug,27-22,56-58,24-24,21-31,59-51,2017,0
21,Los Angeles Angels,74,88,0.457,4.4,4.5,-0.1,0.2,0.1,80-82,-6,13-21,17-15,35-41,11-Sep,40-41,34-47,0-4,17-20,53-66,21-22,46-68,28-20,2016,0
11,Los Angeles Angels,85,77,0.525,4.1,4.2,-0.1,0.3,0.2,79-83,6,16-16,17-17,44-32,12-Aug,49-32,36-45,7-May,35-17,60-55,25-22,38-48,47-29,2015,0
1,Los Angeles Angels,98,64,0.605,4.8,3.9,0.9,0.1,1,96-66,2,19-14,24-9,43-33,8-Dec,52-29,46-35,7-Oct,27-22,70-44,28-20,41-43,57-21,2014,1
17,Los Angeles Angels,78,84,0.481,4.5,4.5,0,0.1,0,81-81,-3,18-16,18-14,32-44,10-Oct,39-42,39-42,8-Aug,24-28,60-58,18-26,42-55,36-29,2013,0
10,Los Angeles Angels,89,73,0.549,4.7,4.3,0.4,0.2,0.7,88-74,1,22-20,25-20,30-27,6-Dec,46-35,43-38,4-Mar,18-18,62-51,27-22,49-47,40-26,2012,0
2,Los Angeles Dodgers,106,56,0.654,5.5,3.8,1.7,0,1.7,107-55,-1,23-10,22-11,51-25,10-Oct,59-22,47-34,4-Jun,27-22,76-34,30-22,45-32,61-24,2019,1
7,Los Angeles Dodgers,92,71,0.564,4.9,3.7,1.2,0.1,1.2,102-61,-10,19-13,16-18,45-32,8-Dec,45-37,47-34,7-Aug,22-22,52-46,40-25,51-38,41-33,2018,1
1,Los Angeles Dodgers,104,58,0.642,4.8,3.6,1.2,-0.2,0.9,102-60,2,24-10,23-9,41-35,16-4,57-24,47-34,4-Aug,25-19,71-43,33-15,36-33,68-25,2017,1
6,Los Angeles Dodgers,91,71,0.562,4.5,3.9,0.5,-0.2,0.4,90-72,1,19-13,19-15,43-33,10-Oct,53-28,38-43,8-Jun,22-20,69-47,22-24,31-26,60-45,2016,1
6,Los Angeles Dodgers,92,70,0.568,4.1,3.7,0.4,-0.3,0.1,89-73,3,19-13,17-17,46-30,10-Oct,55-26,37-44,9-Jun,23-26,67-51,25-19,28-37,64-33,2015,1
4,Los Angeles Dodgers,94,68,0.58,4.4,3.8,0.6,-0.2,0.4,92-70,2,18-14,15-19,50-26,9-Nov,45-36,49-32,12-Jun,25-20,68-52,26-16,26-33,68-35,2014,1
7,Los Angeles Dodgers,92,70,0.568,4,3.6,0.4,-0.2,0.2,89-73,3,22-11,21-12,37-39,8-Dec,47-34,45-36,5-Oct,25-21,66-43,26-27,34-31,58-39,2013,1
13,Los Angeles Dodgers,86,76,0.531,3.9,3.7,0.2,-0.1,0.1,86-76,0,20-12,25-18,35-37,9-Jun,45-36,41-40,7-Aug,29-27,50-50,36-26,41-50,45-26,2012,0
28,Miami Marlins,57,105,0.352,3.8,5,-1.2,0.3,-0.9,61-101,-4,24-52,24-Oct,14-18,11-Sep,30-51,27-54,9-Jul,16-28,39-81,18-24,38-83,19-22,2019,0
27,Miami Marlins,63,98,0.391,3.7,5,-1.4,0.2,-1.2,58-103,5,26-50,13-19,15-18,11-Sep,38-43,25-55,6-Sep,19-21,51-72,26-Dec,34-62,29-36,2018,0
18,Miami Marlins,77,85,0.475,4.8,5.1,-0.3,-0.2,-0.5,77-85,0,34-42,15-19,19-13,11-Sep,42-36,35-49,5-Jun,18-22,64-64,13-21,22-40,55-45,2017,0
17,Miami Marlins,79,82,0.491,4.1,4.2,-0.2,-0.2,-0.4,78-83,1,32-43,21-13,20-12,14-Jun,40-40,39-42,7-Apr,22-24,57-70,22-12,32-43,47-39,2016,0
24,Miami Marlins,71,91,0.438,3.8,4.2,-0.4,-0.3,-0.7,74-88,-3,35-41,13-19,16-18,13-Jul,41-40,30-51,3-Jun,23-21,57-72,14-19,33-47,38-44,2015,0
19,Miami Marlins,77,85,0.475,4,4.2,-0.2,-0.1,-0.3,78-84,-1,33-43,14-18,17-17,13-7,42-39,35-46,12-Sep,35-29,57-69,20-16,25-35,52-50,2014,0
29,Miami Marlins,62,100,0.383,3.2,4,-0.8,-0.1,-0.9,64-98,-2,29-47,23-Sep,15-19,11-Sep,36-45,26-55,13-Jul,24-35,40-71,22-29,26-57,36-43,2013,0
24,Miami Marlins,69,93,0.426,3.8,4.5,-0.7,0,-0.7,68-94,1,27-45,18-20,19-15,13-May,38-43,31-50,5-Dec,26-26,45-64,24-29,41-61,28-32,2012,0
11,Milwaukee Brewers,89,73,0.549,4.7,4.7,0,0.3,0.3,81-81,8,21-11,45-31,15-19,12-Aug,49-32,40-41,8-Jul,27-18,64-49,25-24,48-40,41-33,2019,1
5,Milwaukee Brewers,96,67,0.589,4.6,4,0.6,0,0.6,91-72,5,20-13,40-37,23-10,13-7,51-30,45-37,7-Sep,33-19,72-48,24-19,49-46,47-21,2018,1
10,Milwaukee Brewers,86,76,0.531,4.5,4.3,0.2,-0.1,0.1,85-77,1,18-14,40-36,17-17,9-Nov,46-38,40-38,11-May,25-22,69-59,17-17,37-38,49-38,2017,0
22,Milwaukee Brewers,73,89,0.451,4.1,4.5,-0.4,-0.1,-0.5,74-88,-1,16-17,31-45,15-18,9-Nov,41-40,32-49,9-Apr,23-28,43-70,30-19,27-46,46-43,2016,0
25,Milwaukee Brewers,68,94,0.42,4,4.5,-0.5,-0.2,-0.7,72-90,-4,17-16,31-45,21-Dec,12-Aug,34-47,34-47,5-Apr,16-16,49-74,19-20,36-61,32-33,2015,0
15,Milwaukee Brewers,82,80,0.506,4,4.1,0,-0.2,-0.2,80-82,2,15-19,36-40,20-12,9-Nov,42-39,40-41,6-Jul,23-19,60-62,22-18,33-33,49-47,2014,0
21,Milwaukee Brewers,74,88,0.457,4,4.2,-0.3,0,-0.3,76-86,-2,21-12,34-42,13-20,14-Jun,37-44,37-44,7-Jun,18-25,58-60,16-28,34-56,40-32,2013,0
15,Milwaukee Brewers,83,79,0.512,4.8,4.5,0.3,-0.3,0,85-77,-2,15-19,45-34,17-17,9-Jun,49-32,34-47,11-Jul,24-32,57-58,26-21,32-41,51-38,2012,0
4,Minnesota Twins,101,61,0.623,5.8,4.7,1.1,-0.5,0.7,97-65,4,20-12,50-26,23-11,12-Aug,46-35,55-26,7-May,23-12,79-44,22-17,32-37,69-24,2019,1
19,Minnesota Twins,78,84,0.481,4.6,4.8,-0.2,-0.3,-0.5,77-85,1,18-16,42-34,22-Oct,12-Aug,49-32,29-52,8-May,15-21,57-59,21-25,29-47,49-37,2018,0
11,Minnesota Twins,85,77,0.525,5,4.9,0.2,0.1,0.2,83-79,2,15-18,41-35,16-17,13-7,41-40,44-37,3-Mar,15-18,59-54,26-23,20-31,65-46,2017,1
30,Minnesota Twins,59,103,0.364,4.5,5.5,-1,0.1,-0.9,66-96,-7,24-Oct,24-52,17-15,12-Aug,30-51,29-52,10-Jun,15-29,38-78,21-25,35-75,24-28,2016,0
13,Minnesota Twins,83,79,0.512,4.3,4.3,0,0.2,0.2,81-81,2,19-14,40-36,16-17,12-Aug,46-35,37-44,8-Jun,21-20,55-53,28-26,42-46,41-33,2015,0
27,Minnesota Twins,70,92,0.432,4.4,4.8,-0.4,0.1,-0.3,75-87,-5,14-18,36-40,23-Nov,11-Sep,35-46,35-46,7-Jun,21-24,46-60,24-32,44-64,26-28,2014,0
26,Minnesota Twins,66,96,0.407,3.8,4.9,-1.1,0.2,-0.9,63-99,3,23-Oct,29-47,19-14,12-Aug,32-49,34-47,7-Sep,24-25,50-75,16-21,33-71,33-25,2013,0
27,Minnesota Twins,66,96,0.407,4.3,5.1,-0.8,0.1,-0.7,68-94,-2,23-Nov,35-37,27-Nov,9-Sep,31-50,35-46,5-Aug,26-28,44-67,22-29,33-63,33-33,2012,0
12,New York Mets,86,76,0.531,4.9,4.5,0.3,0.2,0.5,86-76,0,40-36,14-19,17-16,15-5,48-33,38-43,9-Jul,24-23,68-53,18-23,47-55,39-21,2019,0
20,New York Mets,77,85,0.475,4.2,4.4,-0.2,0.1,-0.1,78-84,-1,40-36,13-20,16-17,12-Aug,37-44,40-41,9-Sep,16-26,59-61,18-24,40-57,37-28,2018,0
25,New York Mets,70,92,0.432,4.5,5.3,-0.8,-0.1,-0.9,69-93,1,37-39,14-19,21-Dec,13-Jul,37-44,33-48,8-Mar,21-24,55-69,15-23,17-49,53-43,2017,0
10,New York Mets,87,75,0.537,4.1,3.8,0.3,-0.3,0.1,87-75,0,40-36,22-10,13-21,8-Dec,44-37,43-38,5-Aug,25-22,68-57,19-18,30-30,57-45,2016,1
7,New York Mets,90,72,0.556,4.2,3.8,0.4,-0.4,0,89-73,1,47-29,13-20,21-12,11-Sep,49-32,41-40,6-Sep,25-24,70-56,20-16,28-38,62-34,2015,1
16,New York Mets,79,83,0.488,3.9,3.8,0.1,-0.1,0,82-80,-3,38-38,16-18,14-18,9-Nov,40-41,39-42,8-Jul,26-29,62-67,17-16,24-43,55-40,2014,0
20,New York Mets,74,88,0.457,3.8,4.2,-0.4,-0.2,-0.6,74-88,0,34-42,21-Dec,17-16,9-Nov,33-48,41-40,12-Aug,29-28,49-62,25-26,33-51,41-37,2013,0
21,New York Mets,74,88,0.457,4,4.4,-0.4,0,-0.4,75-87,-1,32-40,17-22,17-19,7-Aug,36-45,38-43,7-Mar,20-22,53-50,21-38,46-62,28-26,2012,0
3,New York Yankees,103,59,0.636,5.8,4.6,1.3,-0.3,1,99-63,4,54-22,18-15,19-14,8-Dec,57-24,46-35,4-Jul,18-19,70-41,33-18,43-32,60-27,2019,1
3,New York Yankees,100,62,0.617,5.3,4.1,1.1,-0.2,0.9,99-63,1,44-32,23-11,22-10,9-Nov,53-28,47-34,5-Sep,23-17,70-47,30-15,41-30,59-32,2018,1
8,New York Yankees,91,71,0.562,5.3,4.1,1.2,0.1,1.3,100-62,-9,44-32,18-15,14-19,15-5,51-30,40-41,6-May,18-26,67-48,24-23,26-22,65-49,2017,1
15,New York Yankees,84,78,0.519,4.2,4.3,-0.1,0.3,0.1,79-83,5,35-41,21-12,20-13,12-Aug,48-33,36-45,3-Apr,24-12,59-52,25-26,52-54,32-24,2016,0
9,New York Yankees,87,75,0.537,4.7,4.3,0.4,0.3,0.8,88-74,-1,38-38,21-12,17-16,9-Nov,45-36,42-39,9-Apr,23-24,60-52,27-23,40-47,47-28,2015,1
13,New York Yankees,84,78,0.519,3.9,4.1,-0.2,0.1,0,77-85,7,37-39,19-16,15-16,13-7,43-38,41-40,7-Jul,28-24,60-58,24-20,41-45,43-33,2014,0
15,New York Yankees,85,77,0.525,4,4.1,-0.1,0.2,0.1,79-83,6,37-39,22-11,17-16,11-Sep,46-35,39-42,6-Jun,30-16,53-54,32-23,45-52,40-25,2013,0
3,New York Yankees,95,67,0.586,5,4.1,0.8,0.2,1.1,95-67,0,41-31,21-16,20-15,13-5,51-30,44-37,3-Jun,22-25,58-43,37-24,47-44,48-23,2012,1
6,Oakland Athletics,97,65,0.599,5.2,4.2,1,-0.2,0.8,97-65,0,17-16,25-8,44-32,9-Nov,52-29,45-36,9-Jun,27-22,62-51,35-14,35-27,62-38,2019,1
4,Oakland Athletics,97,65,0.599,5,4.2,0.9,0,0.8,95-67,2,21-11,26-8,38-38,8-Dec,50-31,47-34,13-6,31-14,65-40,32-25,33-40,64-25,2018,1
22,Oakland Athletics,75,87,0.463,4.6,5.1,-0.5,0.2,-0.4,73-89,2,16-19,20-11,32-44,13-Jul,46-35,29-52,9-Apr,21-21,56-61,19-26,24-25,51-62,2017,0
25,Oakland Athletics,69,93,0.426,4,4.7,-0.7,0.2,-0.5,70-92,-1,16-17,17-16,29-47,13-Jul,34-47,35-46,5-Jun,25-28,53-67,16-26,49-64,20-29,2016,0
26,Oakland Athletics,68,94,0.42,4.3,4.5,-0.2,0.3,0.1,77-85,-9,23-Oct,14-19,33-43,9-Nov,34-47,34-47,10-Jul,19-35,53-62,15-32,45-62,23-32,2015,0
10,Oakland Athletics,88,74,0.543,4.5,3.5,1,0.1,1.1,99-63,-11,20-12,17-17,38-38,13-7,48-33,40-41,13-8,21-28,64-49,24-25,44-40,44-34,2014,1
4,Oakland Athletics,96,66,0.593,4.7,3.9,0.9,0,0.8,96-66,0,17-15,22-12,44-32,13-7,52-29,44-37,6-Jul,30-20,64-44,32-22,40-34,56-32,2013,1
5,Oakland Athletics,94,68,0.58,4.4,3.8,0.6,0.2,0.8,92-70,2,28-18,23-18,33-24,8-Oct,50-31,44-37,5-Nov,25-18,64-39,30-29,47-44,47-24,2012,1
16,Philadelphia Phillies,81,81,0.5,4.8,4.9,-0.1,0.2,0.1,79-83,2,36-40,20-13,14-19,9-Nov,45-36,36-45,6-Jul,20-20,63-56,18-25,48-52,33-29,2019,0
17,Philadelphia Phillies,80,82,0.494,4.2,4.5,-0.3,0.1,-0.3,76-86,4,34-42,19-14,15-18,8-Dec,49-32,31-50,6-Aug,23-18,59-66,21-16,44-50,36-32,2018,0
28,Philadelphia Phillies,66,96,0.407,4.3,4.8,-0.6,-0.1,-0.7,72-90,-6,39-37,21-Nov,23-Nov,15-May,39-42,27-54,10-Jul,21-36,42-75,24-21,23-43,43-53,2017,0
23,Philadelphia Phillies,71,91,0.438,3.8,4.9,-1.1,-0.1,-1.3,62-100,9,30-46,21-Dec,18-15,9-Nov,37-44,34-47,6-Jul,28-23,54-74,17-17,27-49,44-42,2016,0
30,Philadelphia Phillies,63,99,0.389,3.9,5,-1.1,-0.2,-1.4,62-100,1,30-46,23-Nov,14-18,12-Aug,37-44,26-55,9-Jun,16-27,45-79,18-20,29-54,34-45,2015,0
23,Philadelphia Phillies,73,89,0.451,3.8,4.2,-0.4,0,-0.4,73-89,0,34-42,15-18,17-16,13-Jul,37-44,36-45,11-Oct,28-27,50-67,23-22,28-40,45-49,2014,0
24,Philadelphia Phillies,73,89,0.451,3.8,4.6,-0.9,-0.1,-0.9,66-96,7,37-39,21-Dec,17-16,13-Jul,43-38,30-51,7-Jun,28-28,52-68,21-21,33-53,40-36,2013,0
17,Philadelphia Phillies,81,81,0.5,4.2,4.2,0,-0.1,-0.1,81-81,0,33-39,24-16,19-16,10-May,40-41,41-40,10-Jul,25-27,58-51,23-30,39-43,42-38,2012,0
24,Pittsburgh Pirates,69,93,0.426,4.7,5.6,-0.9,0.3,-0.7,68-94,1,21-Nov,29-47,17-17,8-Dec,35-46,34-47,11-Jul,19-25,53-66,16-27,30-72,39-21,2019,0
14,Pittsburgh Pirates,82,79,0.509,4.3,4.3,0,0.1,0.1,80-81,2,20-Dec,43-33,21-Dec,15-5,44-36,38-43,5-Jul,29-22,61-52,21-27,39-53,43-26,2018,0
20,Pittsburgh Pirates,75,87,0.463,4.1,4.5,-0.4,-0.1,-0.4,74-88,1,21-13,33-43,21-Nov,10-Oct,44-37,31-50,9-Aug,20-24,58-63,17-24,40-50,35-37,2017,0
18,Pittsburgh Pirates,78,83,0.484,4.5,4.7,-0.2,-0.1,-0.2,78-83,0,14-19,33-42,22-11,11-Sep,38-42,40-41,5-Aug,20-21,58-74,20-9,32-45,46-38,2016,0
2,Pittsburgh Pirates,98,64,0.605,4.3,3.7,0.6,-0.3,0.3,93-69,5,24-9,34-42,27-6,13-7,53-28,45-36,9-Dec,36-17,78-48,20-16,42-32,56-32,2015,1
9,Pittsburgh Pirates,88,74,0.543,4.2,3.9,0.3,-0.2,0.1,87-75,1,21-13,36-40,20-12,9-Nov,51-30,37-44,7-Aug,31-29,68-61,20-13,33-39,55-35,2014,1
5,Pittsburgh Pirates,94,68,0.58,3.9,3.6,0.4,0,0.3,88-74,6,20-14,45-31,14-18,15-5,50-31,44-37,9-Sep,29-23,76-55,18-13,40-34,54-34,2013,1
18,Pittsburgh Pirates,79,83,0.488,4,4.2,-0.1,-0.2,-0.4,78-84,1,17-14,39-42,13-19,8-Oct,45-36,34-47,2-Apr,28-29,57-64,22-19,41-55,38-28,2012,0
23,San Diego Padres,70,92,0.432,4.2,4.9,-0.7,0.3,-0.4,70-92,0,14-18,14-20,31-45,9-Nov,36-45,34-47,7-May,26-24,56-70,14-22,40-53,30-39,2019,0
25,San Diego Padres,66,96,0.407,3.8,4.7,-0.9,0.3,-0.7,65-97,1,15-17,16-18,28-48,13-Jul,31-50,35-46,11-May,22-21,47-59,19-37,42-66,24-30,2018,0
24,San Diego Padres,71,91,0.438,3.7,5,-1.3,0,-1.3,59-103,12,14-19,16-17,33-43,12-Aug,43-38,28-53,7-Apr,19-19,52-64,19-27,35-56,36-35,2017,0
27,San Diego Padres,68,94,0.42,4.2,4.8,-0.5,-0.1,-0.6,72-90,-4,14-19,14-19,34-42,14-Jun,39-42,29-52,6-Jun,19-31,47-72,21-22,32-50,36-44,2016,0
23,San Diego Padres,74,88,0.457,4,4.5,-0.5,-0.2,-0.7,72-90,2,17-16,15-18,35-41,13-Jul,39-42,35-46,5-Jul,22-21,55-67,19-21,33-50,41-38,2015,0
18,San Diego Padres,77,85,0.475,3.3,3.6,-0.3,-0.2,-0.4,75-87,2,17-17,18-14,33-43,11-Sep,48-33,29-52,5-Oct,33-21,58-64,19-21,35-42,42-43,2014,0
18,San Diego Padres,76,86,0.469,3.8,4.3,-0.5,-0.1,-0.6,72-90,4,16-17,17-16,35-41,12-Aug,45-36,31-50,7-Aug,28-24,49-59,27-27,40-43,36-43,2013,0
19,San Diego Padres,76,86,0.469,4,4.4,-0.4,-0.1,-0.5,75-87,1,20-Dec,22-21,34-38,7-Aug,42-39,34-47,6-Apr,26-21,52-55,24-31,44-61,32-25,2012,0
18,San Francisco Giants,77,85,0.475,4.2,4.8,-0.6,0.3,-0.3,71-91,6,14-19,14-19,38-38,9-Nov,35-46,42-39,13-3,38-16,57-56,20-29,42-55,35-30,2019,0
21,San Francisco Giants,73,89,0.451,3.7,4.3,-0.6,0.3,-0.3,70-92,3,16-17,22-Nov,38-38,12-Aug,42-39,31-50,10-Nov,26-30,44-54,29-35,47-63,26-26,2018,0
29,San Francisco Giants,64,98,0.395,3.9,4.8,-0.8,0,-0.9,67-95,-3,23-Sep,18-16,29-47,12-Aug,38-43,26-55,7-Dec,23-24,46-68,18-30,36-54,28-44,2017,0
9,San Francisco Giants,87,75,0.537,4.4,3.9,0.5,-0.2,0.3,90-72,-3,17-16,17-16,45-31,12-Aug,45-36,42-39,7-Nov,28-27,57-53,30-22,27-33,60-42,2016,1
12,San Francisco Giants,84,78,0.519,4.3,3.9,0.4,-0.3,0.1,89-73,-5,18-15,15-18,38-38,13-7,47-34,37-44,5-Jun,19-28,62-56,22-22,29-33,55-45,2015,0
8,San Francisco Giants,88,74,0.543,4.1,3.8,0.3,-0.2,0.1,87-75,1,22-12,16-16,40-36,10-Oct,45-36,43-38,4-Sep,18-22,58-44,30-30,27-31,61-43,2014,1
19,San Francisco Giants,76,86,0.469,3.9,4.3,-0.4,-0.1,-0.5,74-88,2,15-17,23-Nov,44-32,14-Jun,42-40,34-46,10-Aug,28-28,52-55,24-31,41-46,35-40,2013,0
4,San Francisco Giants,94,68,0.58,4.4,4,0.4,-0.2,0.2,88-74,6,15-19,27-14,45-27,8-Jul,48-33,46-35,5-Aug,30-20,54-49,40-19,44-42,50-26,2012,1
25,Seattle Mariners,68,94,0.42,4.7,5.5,-0.8,0,-0.9,69-93,-1,14-19,18-15,27-49,11-Sep,35-46,33-48,4-Sep,23-26,52-58,16-36,22-59,46-35,2019,0
12,Seattle Mariners,89,73,0.549,4.2,4.4,-0.2,0.1,-0.1,77-85,12,19-15,23-9,41-35,14-Jun,45-36,44-37,14-1,36-21,59-49,30-24,39-38,50-35,2018,0
17,Seattle Mariners,78,84,0.481,4.6,4.8,-0.1,0.1,0,79-83,-1,13-19,18-16,35-41,8-Dec,40-41,38-43,5-Jul,26-15,56-61,22-23,20-32,58-52,2017,0
12,Seattle Mariners,86,76,0.531,4.7,4.4,0.4,0.1,0.5,87-75,-1,19-13,16-18,38-38,13-7,44-37,42-39,8-Sep,30-30,62-42,24-34,44-47,42-29,2016,0
21,Seattle Mariners,76,86,0.469,4,4.5,-0.4,0.3,-0.1,74-88,2,15-17,14-20,39-37,12-Aug,36-45,40-41,13-Oct,28-29,54-54,22-32,44-58,32-28,2015,0
11,Seattle Mariners,87,75,0.537,3.9,3.4,0.5,0.2,0.7,91-71,-4,18-15,19-14,41-35,11-Sep,41-40,46-35,7-Apr,18-27,55-52,32-23,45-35,42-40,2014,0
25,Seattle Mariners,71,91,0.438,3.9,4.7,-0.8,0.1,-0.7,67-95,4,14-18,13-21,36-40,12-Aug,36-45,35-46,15-Jun,19-29,49-62,22-29,40-55,31-36,2013,0
20,Seattle Mariners,75,87,0.463,3.8,4,-0.2,0.3,0.1,77-85,-2,18-28,25-16,24-33,10-Aug,40-41,35-46,10-May,25-28,50-55,25-32,42-67,33-20,2012,0
10,St. Louis Cardinals,91,71,0.562,4.7,4.1,0.6,0.2,0.8,92-70,-1,18-15,46-30,18-15,11-Sep,50-31,41-40,4-Aug,25-22,73-55,18-16,42-42,49-29,2019,1
13,St. Louis Cardinals,88,74,0.543,4.7,4.3,0.4,0,0.4,88-74,0,16-16,41-35,20-14,9-Nov,43-38,45-36,8-Aug,22-22,61-52,27-22,50-43,38-31,2018,0
12,St. Louis Cardinals,83,79,0.512,4.7,4.4,0.3,-0.1,0.2,87-75,-4,22-10,34-42,19-15,12-Aug,44-37,39-42,9-May,24-29,64-63,19-16,27-44,56-35,2017,0
13,St. Louis Cardinals,86,76,0.531,4.8,4.4,0.4,-0.1,0.3,88-74,-2,17-16,42-34,19-14,12-Aug,38-43,48-33,3-Apr,24-23,66-52,20-24,24-35,62-41,2016,0
1,St. Louis Cardinals,100,62,0.617,4,3.2,0.8,-0.3,0.5,96-66,4,20-12,46-30,23-11,9-Nov,55-26,45-36,8-Aug,32-23,75-44,25-18,46-31,54-31,2015,1
5,St. Louis Cardinals,90,72,0.556,3.8,3.7,0.1,-0.2,-0.1,83-79,7,17-16,45-31,20-13,12-Aug,51-30,39-42,6-Jul,32-23,69-54,21-18,39-33,51-39,2014,1
2,St. Louis Cardinals,97,65,0.599,4.8,3.7,1.2,-0.1,1,101-61,-4,23-10,46-30,18-15,10-Oct,54-27,43-38,6-Jun,20-16,78-42,19-23,39-36,58-29,2013,1
12,St. Louis Cardinals,88,74,0.543,4.7,4,0.7,-0.3,0.4,93-69,-5,14-20,45-32,21-15,7-Aug,50-31,38-43,12-Jun,21-26,57-57,31-17,39-40,49-34,2012,1
7,Tampa Bay Rays,96,66,0.593,4.7,4,0.7,-0.2,0.5,93-69,3,44-32,20-13,18-15,14-6,48-33,48-33,8-Nov,23-16,64-41,32-25,38-35,58-31,2019,1
11,Tampa Bay Rays,90,72,0.556,4.4,4,0.4,-0.1,0.3,89-73,1,41-35,21-11,21-13,13-Jul,51-30,39-42,7-May,28-31,63-52,27-20,34-39,56-33,2018,0
15,Tampa Bay Rays,80,82,0.494,4.3,4.3,-0.1,0.2,0.1,80-82,0,35-41,18-15,16-17,9-Nov,42-39,38-43,6-Aug,21-24,61-53,19-29,31-37,49-45,2017,0
28,Tampa Bay Rays,68,94,0.42,4.1,4.4,-0.3,0.3,0,77-85,-9,32-44,23-Nov,15-17,10-Oct,36-45,32-49,3-Apr,13-27,50-68,18-26,47-74,21-20,2016,0
17,Tampa Bay Rays,80,82,0.494,4,4,0,0.4,0.4,81-81,-1,36-40,13-19,17-17,14-6,42-42,38-40,13-Feb,26-30,50-59,30-23,46-58,34-24,2015,0
20,Tampa Bay Rays,77,85,0.475,3.8,3.9,-0.1,0.1,0.1,79-83,-2,36-40,14-18,17-17,10-Oct,36-45,41-40,10-Aug,25-23,57-61,20-24,47-59,30-26,2014,0
9,Tampa Bay Rays,92,71,0.564,4.3,4,0.3,0.1,0.5,87-76,5,43-33,19-14,18-16,8-Dec,51-30,41-41,7-Sep,26-21,62-48,30-23,48-49,44-22,2013,1
9,Tampa Bay Rays,90,72,0.556,4.3,3.6,0.7,0.2,0.9,95-67,-5,41-31,16-18,24-14,9-Sep,46-35,44-37,7-May,21-27,63-49,27-23,45-42,45-30,2012,0
17,Texas Rangers,78,84,0.481,5,5.4,-0.4,0,-0.5,75-87,3,18-14,18-16,33-43,11-Sep,45-36,33-48,6-Jul,25-21,52-52,26-32,31-53,47-31,2019,0
24,Texas Rangers,67,95,0.414,4.5,5.2,-0.7,0.1,-0.6,71-91,-4,21-Dec,18-15,28-48,11-Sep,34-47,33-48,7-Jul,19-Dec,45-60,22-35,33-61,34-34,2018,0
16,Texas Rangers,78,84,0.481,4.9,5,-0.1,0.1,0,79-83,-1,20-Dec,18-16,34-42,14-6,41-40,37-44,5-May,13-24,56-66,22-18,18-30,60-54,2017,0
3,Texas Rangers,95,67,0.586,4.7,4.7,0,0.1,0.2,82-80,13,16-17,19-14,47-29,13-7,53-28,42-39,6-Jun,36-11,73-48,22-19,60-31,35-36,2016,1
8,Texas Rangers,88,74,0.543,4.6,4.5,0.1,0.2,0.4,83-79,5,23-11,18-14,36-40,9-Nov,43-38,45-36,4-May,27-22,53-43,35-31,48-36,40-38,2015,1
28,Texas Rangers,67,95,0.414,3.9,4.8,-0.8,0.3,-0.5,67-95,0,23-Oct,14-19,33-43,10-Oct,33-48,34-47,5-Feb,25-22,45-66,22-29,37-63,30-32,2014,0
10,Texas Rangers,91,72,0.558,4.5,3.9,0.6,0,0.6,92-71,-1,15-20,13-19,53-23,10-Oct,46-36,45-36,9-Mar,27-20,59-53,32-19,38-41,53-31,2013,0
8,Texas Rangers,93,69,0.574,5,4.4,0.6,0.1,0.8,91-71,2,24-16,28-19,27-30,14-4,50-31,43-38,5-Aug,24-22,65-50,28-19,43-43,50-26,2012,1
26,Toronto Blue Jays,67,95,0.414,4.5,5.1,-0.6,-0.1,-0.7,71-91,-4,33-43,17-18,14-17,17-Mar,35-46,32-49,8-Jul,18-23,43-65,24-30,35-58,32-37,2019,0
22,Toronto Blue Jays,73,89,0.451,4.4,5.1,-0.8,0,-0.7,69-93,4,30-46,18-15,21-Dec,13-7,40-41,33-48,6-Oct,23-17,58-51,15-38,31-60,42-29,2018,0
19,Toronto Blue Jays,76,86,0.469,4.3,4.8,-0.6,0.3,-0.3,72-90,4,33-43,13-18,21-14,11-Sep,42-39,34-47,14-May,26-27,58-62,18-24,27-41,49-45,2017,0
8,Toronto Blue Jays,89,73,0.549,4.7,4.1,0.6,0.2,0.8,91-71,-2,40-36,18-15,18-15,13-7,46-35,43-38,9-Apr,21-25,65-53,24-20,58-45,31-28,2016,1
5,Toronto Blue Jays,93,69,0.574,5.5,4.1,1.4,0.2,1.6,102-60,-9,42-34,20-14,19-13,8-Dec,53-28,40-41,6-Aug,15-28,73-54,20-15,53-33,40-36,2015,1
14,Toronto Blue Jays,83,79,0.512,4.5,4.2,0.2,0.1,0.3,85-77,-2,39-37,16-16,15-19,13-7,46-35,37-44,8-May,15-20,63-60,20-19,41-47,42-32,2014,0
23,Toronto Blue Jays,74,88,0.457,4.4,4.7,-0.3,0.2,0,77-85,-3,30-46,16-16,17-17,9-Nov,40-41,34-47,9-Aug,20-29,55-64,19-24,51-68,23-20,2013,0
22,Toronto Blue Jays,73,89,0.451,4.4,4.8,-0.4,0.3,-0.1,74-88,-1,29-43,21-16,14-21,9-Sep,41-40,32-49,6-Jul,15-25,52-62,21-27,40-68,33-21,2012,0
8,Washington Nationals,93,69,0.574,5.4,4.5,0.9,0,1,95-67,-2,44-32,17-15,18-16,14-6,50-31,43-38,6-Apr,17-21,69-52,24-17,48-48,45-21,2019,1
15,Washington Nationals,82,80,0.506,4.8,4.2,0.5,0,0.5,90-72,-8,41-35,18-16,14-18,11-Sep,41-40,41-40,10-Apr,18-24,64-52,18-28,33-44,49-36,2018,0
4,Washington Nationals,97,65,0.599,5.1,4.1,0.9,-0.3,0.6,96-66,1,47-29,19-15,21-11,10-Oct,47-34,50-31,4-Jul,30-21,75-50,22-15,23-19,74-46,2017,1
2,Washington Nationals,95,67,0.586,4.7,3.8,0.9,-0.3,0.6,97-65,-2,51-25,17-16,15-18,8-Dec,50-31,45-36,8-May,26-19,75-53,20-14,31-29,64-38,2016,1
14,Washington Nationals,83,79,0.512,4.3,3.9,0.4,-0.4,0,89-73,-6,44-32,14-19,17-16,12-Aug,46-35,37-44,2-Sep,22-22,60-63,23-16,28-37,55-42,2015,0
2,Washington Nationals,96,66,0.593,4.2,3.4,0.8,-0.2,0.7,97-65,-1,45-31,17-16,24-9,10-Oct,51-30,45-36,9-Aug,26-22,68-49,28-17,23-23,73-43,2014,1
12,Washington Nationals,86,76,0.531,4,3.9,0.2,-0.2,0,84-78,2,43-33,15-19,17-15,9-Nov,47-34,39-42,8-Jul,28-24,60-56,26-20,24-41,62-35,2013,0
1,Washington Nationals,98,64,0.605,4.5,3.7,0.8,-0.2,0.7,96-66,2,42-30,29-13,17-13,8-Oct,50-31,48-33,13-7,27-21,69-45,29-19,48-40,50-24,2012,1
